store_id,mu12,mu13,mu21,mu23,mu31,mu32,tra_fix,L1 sale_improvement,L1 Manager_outperform,L1 outperform_area,L2 sale_improvement,L2 Manager_outperform,L2 outperform_area,L3 sale_improvement,L3 Manager_outperform,L3 outperform_area,emicoef_1,emicoef_2,emicoef_3,emi_fix,L1 period,L1 period_square,L1 weather,L1 Holiday,L2 period,L2 period_square,L2 weather,L2 Holiday,L3 period,L3 period_square,L3 weather,L3 Holiday,likelyhood
1000214,1.5489620665953350709,2.7736257719245093112,0.20995134711438178074,0.209940222301427949,0.5675854113167189007,0.6551447625502807347,5.9617757334757169696,0.1628761043071720631,0.016657400253744933087,0.036244505697306441855,0.048695728955949377254,0.0016153379353993351408,0.04791767864188096014,0.093027143075859103374,0.0055842564545796534756,0.119649298177857900045,0.4442499762313281575,0.37894843261351276867,-0.41695122408709440632,0.40739181967705902907,-0.81305291406836135873,0.55243367193978805017,0.004845362827242615687,-0.009081024213890548072,-0.13386902801324211669,-0.08261047332194916989,-0.0069688734927277960356,-2.1437223043741225937,0.2361508569273181682,0.21665251585626020682,-0.38923499439319478551,2.8613992074408932374,-0.20859069529386803
